Time,Name,Google Map Link,Comment
D1 | 2/11 | Wed,台北 -> 米蘭,,
7:15,去程 BR95 | 從台北 | 2026/2/10 星期二 23:05 | 到米蘭 | 2026/2/11 星期三 7:15,,
,MXP -> Milano Porta Garibaldi,,
,check in ,https://www.airbnb.com/rooms/5581156?viralityEntryPoint=1&s=76,
,吃點早餐,,"Starbucks Roastery 臻選工坊 7:30-22:00
Ciacco 冰淇淋 8:00-22:00（週六9-22、周日13-20）
Panzerotti Luini 吃炸餃子 10:00-20:00 周日公休"
,艾曼紐迴廊,https://maps.app.goo.gl/14DwreXkdx68CmUy6,"精品街、公牛蛋蛋轉三圈
Prada, Gucci 大概10-10:30開"
10:00-21:00,老百貨公司,"https://www.google.com/maps/place/Rinascente+Milano/@45.4649405,9.1892425,17z/data=!3m2!4b1!5s0x4786c6aedff04d81:0x7ca27065737b1a32!4m6!3m5!1s0x4786c7353734920b:0xa1256c858b154aa8!8m2!3d45.4649368!4d9.1918228!16s%2Fg%2F11h9pbqh6v?entry=ttu&g_ep=EgoyMDI1MDcyMy4wIKXMDSoASAFQAw%3D%3D",老百貨公司 七樓有廁所和露天咖啡廳
,午餐,,"Spontoni 厚厚披薩 11:00-23:00
Zia Esterina Sorbillo 炸披薩 11:00-21:00"
,,,
,搭地鐵橘線或是紅線,,從Lanza M2 搭到 S Maria Delle Grazie Cenacolo Vinciano
已訂15:30入場,最後的晚餐博物館,https://maps.app.goo.gl/DvuFUCGjzJkkhrgi7,"Tickets mut be activated 30 minutes before the time of your visit
可以買15:00/17:00/17:30的票，只能看15分鐘"
,,,
,,,
,,,10-20分鐘前才會公布月台、都是浮動的
D2 | 2/12 | Thu,米蘭 -> 威尼斯,,
已訂 italo,9:35-12:03 到 Lucia,https://maps.app.goo.gl/YE3UnoQjfVQ7h6kX8,記得先查入城費 避免被罰
,Lucia -> 住宿,https://maps.app.goo.gl/2vsZ5aApzHXXbBPh7,
,住宿放行李 / check in,https://maps.app.goo.gl/hXd1U4TffyxQvr5h9,"搭船再走9分鐘, Venice and Venice Apartments - private rooms in shared apartment"
,搭船 有點遠,,
午餐,想辦法靠近總督宮吃,,
14?,總督宮 ,https://maps.app.goo.gl/FLPRR6JzA6oJoGCs9,~1.5hr
15?,聖馬爾谷聖殿宗主教座堂,https://maps.app.goo.gl/n8H8wzRkRjq1QY4e6,地標大教堂和室內博物館
,聖馬可鐘樓,https://maps.app.goo.gl/TMAzgk37bk9VR2yj7,
,聖馬可廣場,https://maps.app.goo.gl/DKYWGHET4KZbPr2A8,
,聖馬可圖書館,https://maps.app.goo.gl/JuRy5HdnHXBAK3vz7,有很多手抄本
訂 4:30 PM,貢多拉（集合地點很靠近聖馬可）,,
,弗洛里安花神咖啡館（很貴 路過就好）,https://maps.app.goo.gl/WCzXrotzkg24XYP99,1720年開業的古老咖啡廳
,嘆息橋,https://maps.app.goo.gl/81pgAEc6pykVgPoQ7,
,,,
D3 | 2/13 | Fri,威尼斯,,
,蝸牛府,https://maps.app.goo.gl/NRV9Zd39AvJNtp1N9,
,聖方濟會榮耀聖母聖殿,https://maps.app.goo.gl/tKJDWXiCEY3ua7o46,哥德式教堂，內部安葬著提香，並藏有他的 2 幅作品
,安康聖母聖殿,https://maps.app.goo.gl/W8W9w4sbnhUG5xGH6,17:30 關門
,學院美術館,https://maps.app.goo.gl/QcxjLURf5RwLRScR7," 13 至 18 世紀威尼斯藝術品的博物館, - 19:00"
,甜點吃Suso Gelato 好多人推,,
,(Opt) 沉船書店,,
,,,
D4 | 2/14 | Sat,威尼斯 -> 佛羅倫斯,11點後放行李,可購入 Brunelleschi Pass
已訂 italo,11:05-13:20,,
13/14 左右到,Check in ,https://maps.app.goo.gl/bqHbXdDGnE8q3xbZA,"Via Ventisette Aprile, 7, 佛羅倫斯, 托斯卡尼 50129, 義大利"
午餐,可以在車站附近吃拉麵炒麵,,
,Basilica di San Lorenzo,https://maps.app.goo.gl/mp1GFbiCN5FUEZEt5,10 - 17:30，Medici 第一個資助的教堂
,巴傑羅美術館,https://maps.app.goo.gl/scimUYpg3mFK89ur9,8:15 - 18:50，很多雕像的博物館，有最早的 David 像
,聖彌額爾教堂,https://maps.app.goo.gl/ApEdrjhnZWyA6Ghi7,教堂外牆四周有很多雕像可以看
,Casa Buonarroti,https://maps.app.goo.gl/TEWgS73R4zWiwF9i8,米開朗基羅故居，有一些雕塑跟手稿
,Sant'Apollonia,https://maps.app.goo.gl/5QKqXeVBLhAprNZSA,08:30 - 14:00 有 Castagno 的最後的晚餐
,(opt) 考古修復博物館,https://maps.app.goo.gl/ZqCLPR5xyitAZZD46,週日沒開，其他時候 8:15 - 14:00
中式,,,
,(opt)波波里花園,https://maps.app.goo.gl/ALerCEfr9sM5TD6p7,16:30 關門，禮拜一有開
,米開朗基羅廣場,https://maps.app.goo.gl/bZuMS8Eqz7mci9y57,走過去看夕陽，太累就算了
,,,
D5 | 2/15 | Sun,佛羅倫斯,教堂公休,
,吃早餐,,
,美第奇 里卡迪宮(1hr),https://maps.app.goo.gl/YjAF34Ta1ShHmU436,"9:00 am – 7:00 pm（週三公休）
大部分好看的是中庭跟花園，而那兩個部分是不用付錢的"
,聖塔瑪莉亞諾維拉香水製藥坊,https://maps.app.goo.gl/SuyJzsXPCw21gyvK7,9:30AM-8PM
,新聖母大殿,https://maps.app.goo.gl/ZNLeX45NZyJpHYd39,星期日只營業13-17 其他天是早上開始
,中央市場午餐,https://maps.app.goo.gl/AzGbmmtUzvkgjE7H7,牛肉包
,(Opt)達文西博物館,https://maps.app.goo.gl/EP6aJHnrsa2vqsSH9,
,這裡可以排,,
1500等Alice來,,,
已訂15:30,學院美術館,https://maps.app.goo.gl/BNEQdsSd3B65XsZLA,逛1-2小時、買導覽票就不用排隊（一般票不確定）
,,,
19:00,晚餐吃披薩 L’antica pizzeria da Michele Firenze,L’antica pizzeria da Michele Firenze,電話 +39 392 35 06 966 / +39 055 269 6173
,吃河粉,https://maps.app.goo.gl/xVis5oAtmWhbDkkRA?g_st=ic,
D6 | 2/16 | Mon,佛羅倫斯,烏菲茲、學院、新宮/比堤宮都沒開，百花不能短裙,
8:30-9:30,旅拍百花、老橋、巷子、冰淇淋,,
,,,
已訂 10:30 登頂票,聖母百花大教堂,https://maps.app.goo.gl/1e2dk2YBNJFToJWZA,"週一到週六10:15～15:45，週日和宗教慶典的日子因做禮拜而關閉
百花大教堂登頂與喬托鐘樓的樓梯非常狹窄，進入參觀前須將包包寄放在入口處
行李寄放室就在博物館旁邊，寄放行李前，服務人員會確認你的票券
進入百花大教堂與洗禮堂不能裸露雙腿與肩膀、穿涼鞋、戴帽子進入"
套票內含,大教堂博物館 (1hr),https://maps.app.goo.gl/sS82QditYy4fmRDY9,聖母百花大教堂和周遭教堂很多雕像的真品都藏與此
,吃午餐不然會生氣,,
,領主廣場,https://maps.app.goo.gl/NtLFRqq4mhzdAUwP6,
套票內含,喬托鐘樓 (1hr),https://maps.app.goo.gl/U7giApM7Q3Lo6W9aA,早上爬百花、看順光鐘樓，下午爬鐘樓，看順光百花
,吃甜點 Edoardo il Gelato Biologico - Gelateria Piazza Duomo,https://maps.app.goo.gl/URcpg3RdsabvrbT86,
,舊宮 Palazzo Vecchio,https://maps.app.goo.gl/4dry4AVyKhXLQvQf9,"買全套含高塔票的話可以逛3-4小時（目前博物館和鐘樓是分開買）（一樓中庭不用錢）
10~3月:週一到週日 9am – 7pm "
套票內含,(opt)聖若望洗禮堂 (1hr),https://maps.app.goo.gl/rvQNgqoipPRHqo179,"洗禮堂：每天開放，8:30~19:30，每個月的第一個星期日下午 2 點關閉
不一定要進去也沒關係"
,(Opt) 但丁故居,https://maps.app.goo.gl/4iDYzgMjpWcjqCEe6,離舊宮蠻近的 4分鐘
,（可以到明天）戲院改建的書店,https://maps.app.goo.gl/jW5rVPejKS7GDiEv9,回程可能可以去，有位子可以休息，太累就搬去別的地方
19:00,已訂 Trattoria Zaza ,https://maps.app.goo.gl/oYkUVrAcXQyho8HT8,
D7 | 2/17 | Tue,佛羅倫斯,,
"已訂9:30入場
無導覽",烏菲茲美術館,https://maps.app.goo.gl/CBf3FYWAzJdqUxHd9,"~3-4 hr 導覽速度很快又固定路線、建議買一般票自己看
https://tickets.uffizi.it/catalog/2C197E1F-D15D-706D-05EF-0199CA8B8979?lang=en "
,(opt)瓦薩利走廊,https://maps.app.goo.gl/NujuCtxE2dvPy2Sm8,從美術館走到新宮，聯票預約時間的早兩個小時才能進美術館，有點謎
,老橋,,
,吃午餐不然會生氣,,
,Gelateria Della Passera 吃冰淇淋,https://maps.app.goo.gl/QGjEBjYPwp49v6Nh8,
"已包含在套票內
不限入場時間
5天內去就好",新宮/比提宮,https://maps.app.goo.gl/uuFvE78XBMNEnG1P7,"開放時間：8.15am-6.30pm(週一&12/25公休)
建議參觀時間：皇宮2~3小時/花園3~4小時
注意事項：
1.票可以現場買，因為人不多而且官網買票要多‎€3手續費，有要去烏菲茲買連票絕對划算"
,戲院改建的書店,https://maps.app.goo.gl/jW5rVPejKS7GDiEv9,回程可能可以走，太累就搬去別的地方
19:00,已訂 Trattoria dall'Oste Chianineria ,https://maps.app.goo.gl/dMhdSm66E5hrwWKNA,
,,,
D8 | 2/18 | Wed,佛羅倫斯 -> 羅馬,,
已訂 italo,10:28-12:10 italo ,,
,佛羅倫斯火車站 → 羅馬特米尼車站 → 羅馬airbnb → 聖母大殿 → 特雷維噴泉 → 納沃納廣場,,
,聖母大殿,https://maps.app.goo.gl/JrGjqQyq8eR4gYoKA,
,戴克里先浴場,https://maps.app.goo.gl/uMzkGUzVykQB6XLE9,
,(optional) 羅馬國家博物館、羅馬歌劇院,,
,晚餐吃披薩（不能預約）,https://maps.app.goo.gl/1JVbTeAoBnrkyoud9,
,或是自己煮,,
D9 | 2/19 | Thu,羅馬,,
,記得不能帶包包,,
9 - 12,羅馬競技場,https://maps.app.goo.gl/LzcgUVYsW25kB1P9A,"地下層門票：
https://ticketing.colosseo.it/en/eventi/full-experience-sotterranei-e-arena/?t=2026-02-19T07:30:00Z
​
頂層門票：
https://ticketing.colosseo.it/en/eventi/full-experience-attico/?t=2026-02-19T09:30:00Z
​
地下層導覽
https://ticketing.colosseo.it/en/eventi/full-experience-sotterranei-e-arena-percorso-didattico/?t=2026-02-19T07:30:00Z"
,午餐吃麵麵 La Nuova Piazzetta（好像不能訂位）,https://maps.app.goo.gl/aoSGe9tfNvrQ7yAE9,
,,,
,君士坦丁凱旋門 ,https://maps.app.goo.gl/6VFQ8TQLvqq8UKqm9,
套票內含,帕拉丁山丘,https://maps.app.goo.gl/ZKkMp4FqiYbPsAr36,
套票內含,古羅馬廣場,https://maps.app.goo.gl/kj4r4Seaha7ZsdoN9,
,真理之口,https://maps.app.goo.gl/9YLtp78aBUQdUPdN7,
,橘園,https://maps.app.goo.gl/hXdMHHzhv1Vc3prV6,
,晚餐吃披薩（不能預約）（要排隊）,https://maps.app.goo.gl/qQ3QZD8nhB73Gm3o6,
,或是自己煮,,
D10 | 2/20 | Fri,羅馬 卡拉卡拉,,
,卡拉卡拉浴場,https://maps.app.goo.gl/V7R5QhqyjUtZ68xX6,"09:00 - 16:30, 禮拜一沒開"
,Domitilla 地下墓穴,https://maps.app.goo.gl/ftvrNL3GqoSPD27v8,"羅馬最大地下墓穴, 9:00 - 12:00, 14:00 - 17:00, 禮拜二沒開"
,Callisto 地下墓穴,https://maps.app.goo.gl/1rPpj7HES6A78h19A,"在附近的地下墓穴，導覽大概四十五分鐘, 9:30 - 17:00"
,Appian Way,https://maps.app.goo.gl/K4RoSArnvoc4M6at9,可以租腳踏車騎騎羅馬大道
,,,
D11 | 2/21 | Sat,大型景點觀賞,,
考慮和2/23對調,特雷維噴泉,https://maps.app.goo.gl/BkMJN8dHVJcGyL6S8,
,,,
,哈德良神廟,https://maps.app.goo.gl/wtUG5tFEgUN4in6q9,
,,,
,聖依納爵堂（漂亮天花板）（天天營業）,https://maps.app.goo.gl/2mq3fSkeSizjaUH89,天花板是手繪但是看起來很立體的
午餐待訂位,老字號傳統菜 Armando al Pantheon,https://maps.app.goo.gl/46kQ6HeLa35MYMdT6,
,現桿義大利麵Osteria da Fortunata - Pantheon,,
,萬神殿（天天營業）,https://maps.app.goo.gl/3FsVTNPpAARpunRF9,
,,,
,神廟遺址聖母堂（天天營業）,https://maps.app.goo.gl/qgk5jaUjS1F9vRCn9,
,,,
,納沃納廣場,https://maps.app.goo.gl/h3dLpx1kNTcSzTgG9,
,"聖依搦斯蒙難堂（週一公休）
和2/23對調的話就不能去",https://maps.app.goo.gl/z8DdD1y5a6FiF5pp9,
,四合噴泉,https://maps.app.goo.gl/bWdoUEoH1YwXBSeU9,
,,,
D12 | 2/22 | Sun,羅馬,,
已訂 italo,7:40-8:58 italo (羅馬到拿波里),,
,9:20-9:50 區間車 (拿波里到龐貝),https://maps.app.goo.gl/iMDihk9ty3LQbebh9,
9:00入場,龐貝一日遊,,
,,,
,,,
,15:29/16:05/16:42/17:01 區間車,龐貝到拿波里,
,,拿波里吃飯？逛逛？,
已訂 italo,17:55-19:10 italo ,拿波里到羅馬,
,,,
D13 | 2/23 | Mon,,,
考慮和2/21對調,(Opt)羅馬古代藝術美術博物館,https://maps.app.goo.gl/DWTKAQhwnnmNcQnJ6,
,修道會人骨博物館,https://maps.app.goo.gl/sT48Pd3ethuLf2Ea9,
,⻄班牙階梯,https://maps.app.goo.gl/M1zVSFP3r6MuAYfq7,
,美第奇別墅,,
,鮮花市場,,
,傳統市場 Mercato Trionfale,https://maps.app.goo.gl/o7vepsRft7KXw98J9,
,(opt) 走路走去鮑格才別墅（美術館）,https://maps.app.goo.gl/hKBTtkh4dDxWvosd8,
限時兩個小時，要預約,走路走去博爾蓋賽美術館（週一公休）,,
,蘋丘,,
,,,
D14 | 2/24 | Tue,羅馬 (梵諦岡) ,,
,早餐,,
早起 預計7:30登,聖彼得大教堂,https://maps.app.goo.gl/rUfJw2Kd57t6zkk2A,一早去好像不太需要排隊 7.30 - 19.00
,聖彼得大教堂穹頂,,一早去登頂 7.30 - 17.00
,聖彼得廣場,,聽說早上拍比較漂亮
去外面吃,午餐,,梵諦岡好像沒什麼可以吃的，可能要自己外帶
已預訂14:00,梵諦岡博物館,https://maps.app.goo.gl/PCdXYcQtQt9ExLxr6,"加拉蒙蒂館藝術長廊 Galleria Chiaramonti, 古地圖陳列館 Galleria delle Carte Geografiche, 拉斐爾畫室 Stanze di Raffaello, 西斯汀禮拜堂 Cappella Sistina, 松果中庭 Cortile della Pigna"
,西斯汀教堂,https://maps.app.goo.gl/AnvWac7i8vLdF1KAA,
,駐教廷大使館,https://maps.app.goo.gl/yFjBQoWodmNvhVeD9,
,聖天使橋,https://maps.app.goo.gl/TaryHfhyQkzMKNn18,
,晚餐,,
D15 | 2/25 | Wed,羅馬 -> 米蘭,,
已訂 italo,10:05-13:15,,
,check in,https://maps.app.goo.gl/Bd8bQtLFc7t9URzS7,
,午餐 車站附近的 San Giorgio Ristorante-Pizzeria dal 1999,https://maps.app.goo.gl/qQ2VX34BWPHMrTBq9,
"預計訂14:30
不去也可",史卡拉歌劇院,https://maps.app.goo.gl/R8RJMRnQMJi656e78,"世界三大歌劇院、外表樸素裡面很讚，有博物館。對面有李奧納多達文西的雕像
10:30, 12:00. 14:30. 16:00 都可以買、預留1-2小時"
,走10分鐘,,
,超市採購紀念品,,
,採購精品,,
6:30-21:00,森皮奧內公園,https://maps.app.goo.gl/L8A8QiPJ1s1Xn55K8,米蘭城市綠地、下午傍晚去和平之門看夕陽很漂亮
10-1730,斯福爾札古堡,"https://www.google.com/maps/place/Sforzesco+Castle/@45.4704799,9.1767522,17z/data=!3m2!4b1!5s0x4786c14e7c483d27:0x9f09cc7b4c43dbf5!4m6!3m5!1s0x4786fcb60ea97b3d:0x6556dd66c472c29b!8m2!3d45.4704762!4d9.1793325!16zL20vMDc4ZzNf?entry=ttu&g_ep=EgoyMDI1MDcyMy4wIKXMDSoASAFQAw%3D%3D","總共有五個博物館，有家具博物館、樂器博物館跟一個充滿古物的博物館、美術館還有一個其實我分不太出來在哪的博物館
沒導覽隨便看 大概2小、導覽就能半天（好像不用）"
,走8分鐘,,
,和平之門,"https://www.google.com/maps/place/Arco+della+Pace/@45.4756964,9.1698711,17z/data=!3m1!4b1!4m6!3m5!1s0x4786c147aa41b7cf:0xfbbcb44d7ec5c615!8m2!3d45.4756927!4d9.1724514!16s%2Fm%2F0c003_9?entry=ttu&g_ep=EgoyMDI1MDcyMy4wIKXMDSoASAFQAw%3D%3D",
,,,
D16 | 2/26 | Thu,米蘭,,
"已訂10:00
（可先進去逛裡面，10:00登頂）",米蘭大教堂登頂,https://maps.app.goo.gl/qg7vJTGN1iyeC7s59,"開門前半小時去、跟導覽團可以優先入場、買攻頂的票（教堂博物館和電梯攻頂）
7/1看只開放到12月底的票，一人58-88歐不等、時間是10:00、11:30、1:30都有、2小時
電梯上去、樓梯下來"
,午餐+走路,,
"10:00~19:00
星期三公休 ",大教堂博物館,"https://www.google.com/maps/place/Museo+del+Duomo+di+Milano/@45.4631036,9.1890108,17z/data=!3m2!4b1!5s0x4786c6aec1c0327b:0x12c2bea68f55dd2!4m6!3m5!1s0x4786c6aec34636a1:0x64b7c13dcd49fba1!8m2!3d45.4630999!4d9.1915911!16s%2Fg%2F11bbmf92qd?entry=ttu&g_ep=EgoyMDI1MDcyMy4wIKXMDSoASAFQAw%3D%3D",不大、沒有一定要逛，走馬看花大概半小時可走完
"9:00~19:00
星期三公休 ",,"https://www.google.com/maps/place/St.+Gotthard+Church+in+Corte/@45.4627602,9.1893191,17z/data=!3m2!4b1!5s0x4786c6aec1c0327b:0x12c2bea68f55dd2!4m6!3m5!1s0x4786c6af2af9d333:0x8c018f21bef958bb!8m2!3d45.4627565!4d9.1918994!16s%2Fm%2F026tr4s?entry=ttu&g_ep=EgoyMDI1MDcyMy4wIKXMDSoASAFQAw%3D%3D",
,超市採購,,
,(Opt)布雷拉美術館,https://maps.app.goo.gl/Sm5PoaMohBxDiTWc8,預留三個小時之類
,,,
,,,
D17 | 2/27 | Fri,米蘭 -> 台北,,
5:55,回程 BR96 | 從米蘭 | 2026/2/27 星期五 11:00 | 到台北 | 2026/2/28 星期六 5:55,,
,"Milano Centrale -> MXP，車次有 6:55 - 7:56, 7:25 - 8:26",,